anatoly,2019-09-28
Lena,2019-09-28
ben,2019-09-28
Bengor,2019-09-28
anatoly1,2019-09-28
anatoly,2019-09-28
newuser,2019-09-28
newuser,2019-09-28
anatoly123,2019-10-06
ben123,2019-10-06
ben1233434,2019-10-06
LenaXYZ,2019-10-06
just giving it a try,2019-10-07
Toly111,2019-10-09
Bengor,2019-10-16
Bengor,2019-10-16
anatoly,2019-10-27
ben123123,2019-10-27
Lena,2019-10-28
anatoly1,2019-10-28
abc,2019-10-28
.,2019-10-31
Bengor,2019-11-02
Bengor,2019-11-02
Bengor,2019-11-05
Bengor,2019-11-05
Bengor,2019-11-06
Tol,2019-11-06
fdf,2019-11-08
rere,2019-11-10
rerer,2019-11-10
rerer,2019-11-10
Bengor,2019-11-10
vova,2019-11-10
mkjk,2019-11-18
dsfs,2019-11-18
Nate,2019-11-18
jon,2019-11-23
Bengor,2019-12-03
Bengor,2019-12-10
tolik1,2019-12-21
toto,2019-12-29
totok,2019-12-29
anatoly1,2020-01-04
